flag_id,trip_id,driver_id,timestamp,elapsed_seconds,flag_type,severity,motion_score,audio_score,combined_score,explanation,context,gps_lat,gps_lon,signal_type,raw_value,threshold,confidence,window_id,top_codewords
FLAG003,TRIP_DRV001_01,DRV001,2024-02-06 06:54:33,1473,noise_spike,medium,0.34,0.74,0.58,Elevated cabin audio detected (73.8 dB). Sustained noise above baseline.,Audio: elevated | Motion: normal,19.048404,72.865344,AUDIO,73.8,70.0,,W045,
FLAG001,TRIP_DRV001_01,DRV001,2024-02-06 06:59:38,1778,harsh_acceleration,medium,0.65,0.23,0.48,Aggressive acceleration detected (1.95 g). Rapid speed increase from standstill.,Motion: hard_accel | Speed: increasing,19.05172,72.864198,ACCELEROMETER,1.95,1.5,0.74,W035,"CW11:7,CW4:5,CW22:3"
FLAG002,TRIP_DRV001_01,DRV001,2024-02-06 07:01:29,1889,lane_change,low,0.13,0.29,0.19,Abrupt right lane change (0.38 g). Brief lateral spike then baseline return.,Motion: lane_change_right | Gyro: brief spike,19.051713,72.850058,ACCELEROMETER,0.38,0.3,0.73,W040,"CW8:9,CW1:5,CW6:2"
FLAG009,TRIP_DRV001_02,DRV001,2024-02-06 07:19:09,351,noise_spike,medium,0.33,0.73,0.57,Elevated cabin audio detected (73.5 dB). Sustained noise above baseline.,Audio: elevated | Motion: normal,19.069547,72.859391,AUDIO,73.5,70.0,,W067,
FLAG008,TRIP_DRV001_02,DRV001,2024-02-06 07:32:52,1174,noise_spike,medium,0.36,0.84,0.65,Elevated cabin audio detected (83.9 dB). Sustained noise above baseline.,Audio: elevated | Motion: normal,19.063808,72.868096,AUDIO,83.9,70.0,,W065,
FLAG004,TRIP_DRV001_02,DRV001,2024-02-06 07:42:20,1742,harsh_acceleration,medium,0.76,0.22,0.54,Aggressive acceleration detected (2.29 g). Rapid speed increase from standstill.,Motion: hard_accel | Speed: increasing,19.061146,72.848874,ACCELEROMETER,2.29,1.5,0.92,W049,"CW5:8,CW12:6,CW3:3"
FLAG005,TRIP_DRV001_02,DRV001,2024-02-06 07:43:12,1794,harsh_braking,high,0.62,0.29,0.49,Sudden deceleration detected (1.87 g spike). Possible traffic stop or obstacle.,Motion: harsh_brake | Audio: elevated,19.054178,72.852464,ACCELEROMETER,-1.87,-1.5,0.85,W053,"CW15:6,CW3:4,CW9:3"
FLAG006,TRIP_DRV001_02,DRV001,2024-02-06 07:43:55,1837,lane_change,low,0.11,0.46,0.25,Abrupt left lane change (0.33 g). Brief lateral spike then baseline return.,Motion: lane_change_left | Gyro: brief spike,19.065102,72.861332,ACCELEROMETER,-0.33,-0.3,0.79,W058,"CW20:8,CW14:5,CW2:2"
FLAG007,TRIP_DRV001_02,DRV001,2024-02-06 07:44:50,1892,harsh_braking,high,0.58,0.54,0.56,Sudden deceleration detected (1.73 g spike). Possible traffic stop or obstacle.,Motion: harsh_brake | Audio: elevated,19.069866,72.868576,ACCELEROMETER,-1.73,-1.5,0.88,W061,"CW15:6,CW3:4,CW9:3"
FLAG010,TRIP_DRV001_03,DRV001,2024-02-06 07:55:39,363,aggressive_turn,medium,0.32,0.38,0.34,Hard right turn detected (0.97 g lateral). Sharp corner at speed.,Motion: hard_turn_right | Gyro: high yaw,19.072724,72.850632,ACCELEROMETER,0.97,0.8,0.9,W052,"CW8:9,CW1:5,CW6:2"
FLAG015,TRIP_DRV001_03,DRV001,2024-02-06 07:58:51,555,noise_spike,medium,0.38,0.76,0.61,Elevated cabin audio detected (75.9 dB). Sustained noise above baseline.,Audio: elevated | Motion: normal,19.070969,72.848605,AUDIO,75.9,70.0,,W066,
FLAG016,TRIP_DRV001_03,DRV001,2024-02-06 08:02:43,787,noise_spike,medium,0.48,0.83,0.69,Elevated cabin audio detected (82.7 dB). Sustained noise above baseline.,Audio: elevated | Motion: normal,19.072044,72.864213,AUDIO,82.7,70.0,,W068,
FLAG011,TRIP_DRV001_03,DRV001,2024-02-06 08:11:51,1335,harsh_acceleration,medium,0.77,0.26,0.57,Aggressive acceleration detected (2.32 g). Rapid speed increase from standstill.,Motion: hard_accel | Speed: increasing,19.06087,72.867882,ACCELEROMETER,2.32,1.5,0.86,W055,"CW20:8,CW14:5,CW2:2"
FLAG014,TRIP_DRV001_03,DRV001,2024-02-06 08:12:24,1368,noise_spike,medium,0.36,0.74,0.59,Elevated cabin audio detected (73.9 dB). Sustained noise above baseline.,Audio: elevated | Motion: normal,19.069336,72.865413,AUDIO,73.9,70.0,,W064,
FLAG012,TRIP_DRV001_03,DRV001,2024-02-06 08:14:33,1497,aggressive_turn,medium,0.49,0.49,0.49,Hard right turn detected (1.47 g lateral). Sharp corner at speed.,Motion: hard_turn_right | Gyro: high yaw,19.059406,72.860534,ACCELEROMETER,1.47,0.8,0.96,W057,"CW20:8,CW14:5,CW2:2"
FLAG013,TRIP_DRV001_03,DRV001,2024-02-06 08:15:09,1533,harsh_braking,high,0.62,0.42,0.54,Sudden deceleration detected (1.87 g spike). Possible traffic stop or obstacle.,Motion: harsh_brake | Audio: elevated,19.063588,72.850897,ACCELEROMETER,-1.87,-1.5,0.89,W060,"CW20:8,CW14:5,CW2:2"
FLAG017,TRIP_DRV001_04,DRV001,2024-02-06 08:30:38,230,road_bump,low,0.89,0.5,0.73,Road anomaly detected (2.66 g vertical spike). Pothole or speed-breaker.,Motion: vertical_spike | Speed: moderate,19.038653,72.905156,ACCELEROMETER,2.66,1.5,0.97,W015,"CW5:8,CW12:6,CW3:3"
FLAG026,TRIP_DRV001_04,DRV001,2024-02-06 08:30:58,250,noise_spike,medium,0.34,0.76,0.59,Elevated cabin audio detected (75.9 dB). Sustained noise above baseline.,Audio: elevated | Motion: normal,19.046096,72.90898,AUDIO,75.9,70.0,,W042,
FLAG024,TRIP_DRV001_04,DRV001,2024-02-06 08:31:42,294,conflict_moment,high,0.33,0.92,0.68,Combined signal: harsh motion + sustained audio (91.5 dB) >60s. Potential conflict.,Motion: harsh_brake | Audio: argument,19.051653,72.899893,AUDIO,91.5,70.0,,W038,
FLAG018,TRIP_DRV001_04,DRV001,2024-02-06 08:41:00,852,lane_change,low,0.16,0.32,0.22,Abrupt left lane change (0.47 g). Brief lateral spike then baseline return.,Motion: lane_change_left | Gyro: brief spike,19.041914,72.908757,ACCELEROMETER,-0.47,-0.3,0.74,W018,"CW11:7,CW4:5,CW22:3"
FLAG025,TRIP_DRV001_04,DRV001,2024-02-06 08:44:27,1059,noise_spike,medium,0.35,0.81,0.63,Elevated cabin audio detected (80.6 dB). Sustained noise above baseline.,Audio: elevated | Motion: normal,19.049393,72.910138,AUDIO,80.6,70.0,,W040,
FLAG027,TRIP_DRV001_04,DRV001,2024-02-06 08:47:43,1255,noise_spike,medium,0.51,0.81,0.69,Elevated cabin audio detected (80.9 dB). Sustained noise above baseline.,Audio: elevated | Motion: normal,19.057231,72.907244,AUDIO,80.9,70.0,,W044,
FLAG019,TRIP_DRV001_04,DRV001,2024-02-06 08:50:54,1446,lane_change,low,0.11,0.52,0.27,Abrupt left lane change (0.33 g). Brief lateral spike then baseline return.,Motion: lane_change_left | Gyro: brief spike,19.058408,72.894318,ACCELEROMETER,-0.33,-0.3,0.9,W020,"CW15:6,CW3:4,CW9:3"
FLAG020,TRIP_DRV001_04,DRV001,2024-02-06 08:53:37,1609,harsh_braking,high,0.51,0.41,0.47,Sudden deceleration detected (1.52 g spike). Possible traffic stop or obstacle.,Motion: harsh_brake | Audio: elevated,19.047523,72.895387,ACCELEROMETER,-1.52,-1.5,0.95,W023,"CW20:8,CW14:5,CW2:2"
FLAG021,TRIP_DRV001_04,DRV001,2024-02-06 08:55:44,1736,aggressive_turn,medium,0.44,0.22,0.35,Hard left turn detected (1.31 g lateral). Sharp corner at speed.,Motion: hard_turn_left | Gyro: high yaw,19.053502,72.900093,ACCELEROMETER,-1.31,-0.8,0.96,W027,"CW8:9,CW1:5,CW6:2"
FLAG022,TRIP_DRV001_04,DRV001,2024-02-06 08:56:26,1778,harsh_braking,high,0.78,0.41,0.63,Sudden deceleration detected (2.33 g spike). Possible traffic stop or obstacle.,Motion: harsh_brake | Audio: elevated,19.052591,72.909364,ACCELEROMETER,-2.33,-1.5,0.77,W031,"CW20:8,CW14:5,CW2:2"
FLAG023,TRIP_DRV001_04,DRV001,2024-02-06 08:57:26,1838,aggressive_turn,medium,0.44,0.48,0.46,Hard left turn detected (1.33 g lateral). Sharp corner at speed.,Motion: hard_turn_left | Gyro: high yaw,19.05026,72.89177,ACCELEROMETER,-1.33,-0.8,0.97,W034,"CW8:9,CW1:5,CW6:2"
FLAG032,TRIP_DRV001_05,DRV001,2024-02-06 09:06:22,358,noise_spike,medium,0.5,0.73,0.64,Elevated cabin audio detected (72.6 dB). Sustained noise above baseline.,Audio: elevated | Motion: normal,19.058654,72.89896,AUDIO,72.6,70.0,,W037,
FLAG031,TRIP_DRV001_05,DRV001,2024-02-06 09:14:01,817,noise_spike,medium,0.47,0.76,0.64,Elevated cabin audio detected (75.6 dB). Sustained noise above baseline.,Audio: elevated | Motion: normal,19.061172,72.901414,AUDIO,75.6,70.0,,W035,
FLAG028,TRIP_DRV001_05,DRV001,2024-02-06 09:21:59,1295,harsh_acceleration,medium,0.73,0.36,0.58,Aggressive acceleration detected (2.2 g). Rapid speed increase from standstill.,Motion: hard_accel | Speed: increasing,19.061927,72.889488,ACCELEROMETER,2.2,1.5,0.88,W025,"CW15:6,CW3:4,CW9:3"
FLAG029,TRIP_DRV001_05,DRV001,2024-02-06 09:26:50,1586,road_bump,low,0.62,0.39,0.53,Road anomaly detected (1.87 g vertical spike). Pothole or speed-breaker.,Motion: vertical_spike | Speed: moderate,19.069152,72.908365,ACCELEROMETER,1.87,1.5,0.74,W029,"CW8:9,CW1:5,CW6:2"
FLAG030,TRIP_DRV001_05,DRV001,2024-02-06 09:27:35,1631,noise_spike,medium,0.47,0.75,0.64,Elevated cabin audio detected (74.7 dB). Sustained noise above baseline.,Audio: elevated | Motion: normal,19.057656,72.902505,AUDIO,74.7,70.0,,W033,
FLAG037,TRIP_DRV001_06,DRV001,2024-02-06 09:40:30,246,noise_spike,medium,0.5,0.87,0.72,Elevated cabin audio detected (86.9 dB). Sustained noise above baseline.,Audio: elevated | Motion: normal,19.09638,72.873837,AUDIO,86.9,70.0,,W056,
FLAG036,TRIP_DRV001_06,DRV001,2024-02-06 09:49:03,759,noise_spike,medium,0.45,0.72,0.61,Elevated cabin audio detected (72.2 dB). Sustained noise above baseline.,Audio: elevated | Motion: normal,19.086209,72.876382,AUDIO,72.2,70.0,,W054,
FLAG033,TRIP_DRV001_06,DRV001,2024-02-06 09:49:31,787,aggressive_turn,medium,0.4,0.54,0.46,Hard left turn detected (1.19 g lateral). Sharp corner at speed.,Motion: hard_turn_left | Gyro: high yaw,19.100095,72.868059,ACCELEROMETER,-1.19,-0.8,0.76,W043,"CW11:7,CW4:5,CW22:3"
FLAG034,TRIP_DRV001_06,DRV001,2024-02-06 09:50:45,861,harsh_acceleration,medium,0.83,0.25,0.6,Aggressive acceleration detected (2.49 g). Rapid speed increase from standstill.,Motion: hard_accel | Speed: increasing,19.099528,72.887266,ACCELEROMETER,2.49,1.5,0.74,W046,"CW8:9,CW1:5,CW6:2"
FLAG038,TRIP_DRV001_06,DRV001,2024-02-06 09:56:06,1182,noise_spike,medium,0.42,0.79,0.64,Elevated cabin audio detected (78.5 dB). Sustained noise above baseline.,Audio: elevated | Motion: normal,19.089818,72.885256,AUDIO,78.5,70.0,,W058,
FLAG035,TRIP_DRV001_06,DRV001,2024-02-06 09:56:26,1202,lane_change,low,0.13,0.27,0.19,Abrupt right lane change (0.39 g). Brief lateral spike then baseline return.,Motion: lane_change_right | Gyro: brief spike,19.099141,72.87057,ACCELEROMETER,0.39,0.3,0.87,W049,"CW8:9,CW1:5,CW6:2"
FLAG039,TRIP_DRV001_07,DRV001,2024-02-06 10:15:47,773,aggressive_turn,medium,0.32,0.39,0.35,Hard right turn detected (0.97 g lateral). Sharp corner at speed.,Motion: hard_turn_right | Gyro: high yaw,19.050655,72.845898,ACCELEROMETER,0.97,0.8,0.8,W072,"CW5:8,CW12:6,CW3:3"
FLAG041,TRIP_DRV001_07,DRV001,2024-02-06 10:18:25,931,noise_spike,medium,0.41,0.79,0.64,Elevated cabin audio detected (79.0 dB). Sustained noise above baseline.,Audio: elevated | Motion: normal,19.053294,72.852113,AUDIO,79.0,70.0,,W076,
FLAG040,TRIP_DRV001_07,DRV001,2024-02-06 10:23:51,1257,lane_change,low,0.16,0.29,0.21,Abrupt right lane change (0.48 g). Brief lateral spike then baseline return.,Motion: lane_change_right | Gyro: brief spike,19.066943,72.841928,ACCELEROMETER,0.48,0.3,0.73,W074,"CW2:10,CW7:4,CW19:2"
FLAG048,TRIP_DRV001_08,DRV001,2024-02-06 10:57:40,262,noise_spike,medium,0.48,0.75,0.64,Elevated cabin audio detected (74.6 dB). Sustained noise above baseline.,Audio: elevated | Motion: normal,19.056943,72.882888,AUDIO,74.6,70.0,,W075,
FLAG047,TRIP_DRV001_08,DRV001,2024-02-06 11:01:59,521,noise_spike,medium,0.32,0.87,0.65,Elevated cabin audio detected (86.6 dB). Sustained noise above baseline.,Audio: elevated | Motion: normal,19.053925,72.88074,AUDIO,86.6,70.0,,W073,
FLAG042,TRIP_DRV001_08,DRV001,2024-02-06 11:02:41,563,road_bump,low,0.54,0.32,0.45,Road anomaly detected (1.62 g vertical spike). Pothole or speed-breaker.,Motion: vertical_spike | Speed: moderate,19.053533,72.875868,ACCELEROMETER,1.62,1.5,0.81,W058,"CW2:10,CW7:4,CW19:2"
FLAG046,TRIP_DRV001_08,DRV001,2024-02-06 11:03:44,626,conflict_moment,high,0.54,0.81,0.7,Combined signal: harsh motion + sustained audio (80.7 dB) >60s. Potential conflict.,Motion: harsh_brake | Audio: argument,19.046244,72.884873,AUDIO,80.7,70.0,,W071,
FLAG043,TRIP_DRV001_08,DRV001,2024-02-06 11:09:42,984,aggressive_turn,medium,0.28,0.23,0.26,Hard left turn detected (0.83 g lateral). Sharp corner at speed.,Motion: hard_turn_left | Gyro: high yaw,19.0554,72.869517,ACCELEROMETER,-0.83,-0.8,0.9,W061,"CW8:9,CW1:5,CW6:2"
FLAG044,TRIP_DRV001_08,DRV001,2024-02-06 11:12:52,1174,lane_change,low,0.12,0.26,0.18,Abrupt left lane change (0.35 g). Brief lateral spike then baseline return.,Motion: lane_change_left | Gyro: brief spike,19.049236,72.882001,ACCELEROMETER,-0.35,-0.3,0.8,W066,"CW20:8,CW14:5,CW2:2"
FLAG045,TRIP_DRV001_08,DRV001,2024-02-06 11:13:42,1224,lane_change,low,0.17,0.28,0.21,Abrupt right lane change (0.5 g). Brief lateral spike then baseline return.,Motion: lane_change_right | Gyro: brief spike,19.055595,72.868889,ACCELEROMETER,0.5,0.3,0.93,W069,"CW15:6,CW3:4,CW9:3"
FLAG051,TRIP_DRV001_09,DRV001,2024-02-06 11:25:11,287,noise_spike,medium,0.54,0.94,0.78,Elevated cabin audio detected (93.9 dB). Sustained noise above baseline.,Audio: elevated | Motion: normal,19.094392,72.904752,AUDIO,93.9,70.0,,W025,
FLAG050,TRIP_DRV001_09,DRV001,2024-02-06 11:33:56,812,noise_spike,medium,0.27,0.75,0.56,Elevated cabin audio detected (75.1 dB). Sustained noise above baseline.,Audio: elevated | Motion: normal,19.087855,72.898499,AUDIO,75.1,70.0,,W023,
FLAG049,TRIP_DRV001_09,DRV001,2024-02-06 11:44:17,1433,lane_change,low,0.15,0.4,0.25,Abrupt left lane change (0.45 g). Brief lateral spike then baseline return.,Motion: lane_change_left | Gyro: brief spike,19.095514,72.895268,ACCELEROMETER,-0.45,-0.3,0.91,W019,"CW15:6,CW3:4,CW9:3"
FLAG052,TRIP_DRV001_10,DRV001,2024-02-06 11:50:59,119,harsh_acceleration,medium,0.74,0.35,0.58,Aggressive acceleration detected (2.23 g). Rapid speed increase from standstill.,Motion: hard_accel | Speed: increasing,19.080039,72.900559,ACCELEROMETER,2.23,1.5,0.82,W069,"CW20:8,CW14:5,CW2:2"
FLAG056,TRIP_DRV001_10,DRV001,2024-02-06 11:52:03,183,conflict_moment,high,0.32,0.89,0.66,Combined signal: harsh motion + sustained audio (89.4 dB) >60s. Potential conflict.,Motion: harsh_brake | Audio: argument,19.087944,72.893579,AUDIO,89.4,70.0,,W084,
FLAG058,TRIP_DRV001_10,DRV001,2024-02-06 11:52:31,211,noise_spike,medium,0.47,0.78,0.66,Elevated cabin audio detected (77.6 dB). Sustained noise above baseline.,Audio: elevated | Motion: normal,19.086127,72.905819,AUDIO,77.6,70.0,,W088,
FLAG057,TRIP_DRV001_10,DRV001,2024-02-06 12:05:27,987,noise_spike,medium,0.51,0.79,0.68,Elevated cabin audio detected (79.2 dB). Sustained noise above baseline.,Audio: elevated | Motion: normal,19.08069,72.901609,AUDIO,79.2,70.0,,W086,
FLAG059,TRIP_DRV001_10,DRV001,2024-02-06 12:05:39,999,noise_spike,medium,0.5,0.83,0.7,Elevated cabin audio detected (83.0 dB). Sustained noise above baseline.,Audio: elevated | Motion: normal,19.089362,72.892097,AUDIO,83.0,70.0,,W090,
FLAG053,TRIP_DRV001_10,DRV001,2024-02-06 12:07:51,1131,road_bump,low,0.56,0.2,0.42,Road anomaly detected (1.69 g vertical spike). Pothole or speed-breaker.,Motion: vertical_spike | Speed: moderate,19.085807,72.887738,ACCELEROMETER,1.69,1.5,0.76,W072,"CW2:10,CW7:4,CW19:2"
FLAG054,TRIP_DRV001_10,DRV001,2024-02-06 12:11:41,1361,road_bump,low,0.62,0.49,0.57,Road anomaly detected (1.85 g vertical spike). Pothole or speed-breaker.,Motion: vertical_spike | Speed: moderate,19.088243,72.891169,ACCELEROMETER,1.85,1.5,0.93,W075,"CW20:8,CW14:5,CW2:2"
FLAG055,TRIP_DRV001_10,DRV001,2024-02-06 12:12:26,1406,lane_change,low,0.13,0.48,0.27,Abrupt right lane change (0.39 g). Brief lateral spike then baseline return.,Motion: lane_change_right | Gyro: brief spike,19.092653,72.906095,ACCELEROMETER,0.39,0.3,0.94,W080,"CW5:8,CW12:6,CW3:3"
FLAG069,TRIP_DRV001_11,DRV001,2024-02-06 12:32:15,783,noise_spike,medium,0.34,0.88,0.66,Elevated cabin audio detected (87.6 dB). Sustained noise above baseline.,Audio: elevated | Motion: normal,19.089396,72.866726,AUDIO,87.6,70.0,,W048,
FLAG060,TRIP_DRV001_11,DRV001,2024-02-06 12:35:52,1000,lane_change,low,0.16,0.42,0.26,Abrupt left lane change (0.47 g). Brief lateral spike then baseline return.,Motion: lane_change_left | Gyro: brief spike,19.100338,72.855184,ACCELEROMETER,-0.47,-0.3,0.75,W020,"CW20:8,CW14:5,CW2:2"
FLAG068,TRIP_DRV001_11,DRV001,2024-02-06 12:36:14,1022,noise_spike,medium,0.51,0.85,0.71,Elevated cabin audio detected (85.4 dB). Sustained noise above baseline.,Audio: elevated | Motion: normal,19.098911,72.851447,AUDIO,85.4,70.0,,W046,
FLAG067,TRIP_DRV001_11,DRV001,2024-02-06 12:36:36,1044,conflict_moment,high,0.34,0.82,0.63,Combined signal: harsh motion + sustained audio (82.3 dB) >60s. Potential conflict.,Motion: harsh_brake | Audio: argument,19.100624,72.863694,AUDIO,82.3,70.0,,W044,
FLAG070,TRIP_DRV001_11,DRV001,2024-02-06 12:40:41,1289,noise_spike,medium,0.3,0.9,0.66,Elevated cabin audio detected (90.3 dB). Sustained noise above baseline.,Audio: elevated | Motion: normal,19.099768,72.852282,AUDIO,90.3,70.0,,W050,
FLAG061,TRIP_DRV001_11,DRV001,2024-02-06 12:46:31,1639,lane_change,low,0.12,0.46,0.26,Abrupt right lane change (0.36 g). Brief lateral spike then baseline return.,Motion: lane_change_right | Gyro: brief spike,19.096393,72.856436,ACCELEROMETER,0.36,0.3,0.88,W023,"CW5:8,CW12:6,CW3:3"
FLAG062,TRIP_DRV001_11,DRV001,2024-02-06 12:47:26,1694,aggressive_turn,medium,0.34,0.54,0.42,Hard left turn detected (1.03 g lateral). Sharp corner at speed.,Motion: hard_turn_left | Gyro: high yaw,19.097973,72.861804,ACCELEROMETER,-1.03,-0.8,0.96,W027,"CW11:7,CW4:5,CW22:3"
FLAG063,TRIP_DRV001_11,DRV001,2024-02-06 12:49:09,1797,harsh_braking,high,0.66,0.34,0.53,Sudden deceleration detected (1.98 g spike). Possible traffic stop or obstacle.,Motion: harsh_brake | Audio: elevated,19.082544,72.865793,ACCELEROMETER,-1.98,-1.5,0.73,W028,"CW8:9,CW1:5,CW6:2"
FLAG064,TRIP_DRV001_11,DRV001,2024-02-06 12:49:49,1837,lane_change,low,0.11,0.51,0.27,Abrupt right lane change (0.32 g). Brief lateral spike then baseline return.,Motion: lane_change_right | Gyro: brief spike,19.0976,72.870323,ACCELEROMETER,0.32,0.3,0.9,W030,"CW11:7,CW4:5,CW22:3"
FLAG065,TRIP_DRV001_11,DRV001,2024-02-06 12:50:55,1903,lane_change,low,0.15,0.47,0.28,Abrupt right lane change (0.45 g). Brief lateral spike then baseline return.,Motion: lane_change_right | Gyro: brief spike,19.084273,72.853657,ACCELEROMETER,0.45,0.3,0.74,W034,"CW20:8,CW14:5,CW2:2"
FLAG066,TRIP_DRV001_11,DRV001,2024-02-06 12:51:54,1962,aggressive_turn,medium,0.37,0.51,0.43,Hard left turn detected (1.1 g lateral). Sharp corner at speed.,Motion: hard_turn_left | Gyro: high yaw,19.098719,72.864499,ACCELEROMETER,-1.1,-0.8,0.74,W039,"CW20:8,CW14:5,CW2:2"
FLAG081,TRIP_DRV001_12,DRV001,2024-02-06 13:05:11,587,noise_spike,medium,0.53,0.74,0.66,Elevated cabin audio detected (73.8 dB). Sustained noise above baseline.,Audio: elevated | Motion: normal,19.082231,72.847553,AUDIO,73.8,70.0,,W051,
FLAG080,TRIP_DRV001_12,DRV001,2024-02-06 13:07:06,702,noise_spike,medium,0.32,0.8,0.61,Elevated cabin audio detected (79.7 dB). Sustained noise above baseline.,Audio: elevated | Motion: normal,19.081756,72.860044,AUDIO,79.7,70.0,,W049,
FLAG071,TRIP_DRV001_12,DRV001,2024-02-06 13:12:33,1029,road_bump,low,0.73,0.42,0.61,Road anomaly detected (2.18 g vertical spike). Pothole or speed-breaker.,Motion: vertical_spike | Speed: moderate,19.075009,72.863518,ACCELEROMETER,2.18,1.5,0.88,W025,"CW15:6,CW3:4,CW9:3"
FLAG078,TRIP_DRV001_12,DRV001,2024-02-06 13:13:14,1070,conflict_moment,high,0.43,0.91,0.72,Combined signal: harsh motion + sustained audio (90.6 dB) >60s. Potential conflict.,Motion: harsh_brake | Audio: argument,19.0647,72.855373,AUDIO,90.6,70.0,,W045,
FLAG079,TRIP_DRV001_12,DRV001,2024-02-06 13:14:43,1159,noise_spike,medium,0.33,0.82,0.62,Elevated cabin audio detected (81.6 dB). Sustained noise above baseline.,Audio: elevated | Motion: normal,19.071909,72.861032,AUDIO,81.6,70.0,,W047,
FLAG072,TRIP_DRV001_12,DRV001,2024-02-06 13:15:32,1208,lane_change,low,0.11,0.5,0.27,Abrupt left lane change (0.34 g). Brief lateral spike then baseline return.,Motion: lane_change_left | Gyro: brief spike,19.084309,72.851036,ACCELEROMETER,-0.34,-0.3,0.86,W028,"CW11:7,CW4:5,CW22:3"
FLAG073,TRIP_DRV001_12,DRV001,2024-02-06 13:19:27,1443,harsh_braking,high,0.69,0.23,0.51,Sudden deceleration detected (2.08 g spike). Possible traffic stop or obstacle.,Motion: harsh_brake | Audio: elevated,19.080961,72.851681,ACCELEROMETER,-2.08,-1.5,0.82,W030,"CW20:8,CW14:5,CW2:2"
FLAG074,TRIP_DRV001_12,DRV001,2024-02-06 13:20:14,1490,aggressive_turn,medium,0.35,0.49,0.41,Hard right turn detected (1.05 g lateral). Sharp corner at speed.,Motion: hard_turn_right | Gyro: high yaw,19.077726,72.858978,ACCELEROMETER,1.05,0.8,0.86,W031,"CW2:10,CW7:4,CW19:2"
FLAG075,TRIP_DRV001_12,DRV001,2024-02-06 13:21:02,1538,road_bump,low,0.65,0.4,0.55,Road anomaly detected (1.95 g vertical spike). Pothole or speed-breaker.,Motion: vertical_spike | Speed: moderate,19.067702,72.8605,ACCELEROMETER,1.95,1.5,0.78,W035,"CW5:8,CW12:6,CW3:3"
FLAG076,TRIP_DRV001_12,DRV001,2024-02-06 13:21:53,1589,lane_change,low,0.11,0.33,0.2,Abrupt right lane change (0.34 g). Brief lateral spike then baseline return.,Motion: lane_change_right | Gyro: brief spike,19.068566,72.857328,ACCELEROMETER,0.34,0.3,0.73,W038,"CW20:8,CW14:5,CW2:2"
FLAG077,TRIP_DRV001_12,DRV001,2024-02-06 13:22:53,1649,harsh_acceleration,medium,0.64,0.41,0.55,Aggressive acceleration detected (1.91 g). Rapid speed increase from standstill.,Motion: hard_accel | Speed: increasing,19.072082,72.853764,ACCELEROMETER,1.91,1.5,0.76,W040,"CW15:6,CW3:4,CW9:3"
FLAG084,TRIP_DRV002_02,DRV002,2024-02-06 18:01:33,195,noise_spike,medium,0.32,0.83,0.63,Elevated cabin audio detected (83.0 dB). Sustained noise above baseline.,Audio: elevated | Motion: normal,12.919071,77.644896,AUDIO,83.0,70.0,,W070,
FLAG082,TRIP_DRV002_02,DRV002,2024-02-06 18:12:45,867,aggressive_turn,medium,0.42,0.28,0.36,Hard left turn detected (1.27 g lateral). Sharp corner at speed.,Motion: hard_turn_left | Gyro: high yaw,12.908015,77.646199,ACCELEROMETER,-1.27,-0.8,0.87,W065,"CW2:10,CW7:4,CW19:2"
FLAG083,TRIP_DRV002_02,DRV002,2024-02-06 18:21:57,1419,noise_spike,medium,0.35,0.76,0.6,Elevated cabin audio detected (76.4 dB). Sustained noise above baseline.,Audio: elevated | Motion: normal,12.920278,77.644314,AUDIO,76.4,70.0,,W068,
FLAG086,TRIP_DRV002_03,DRV002,2024-02-06 19:03:31,1087,noise_spike,medium,0.52,0.83,0.71,Elevated cabin audio detected (83.4 dB). Sustained noise above baseline.,Audio: elevated | Motion: normal,12.954682,77.623227,AUDIO,83.4,70.0,,W015,
FLAG087,TRIP_DRV002_03,DRV002,2024-02-06 19:03:53,1109,noise_spike,medium,0.46,0.84,0.69,Elevated cabin audio detected (83.8 dB). Sustained noise above baseline.,Audio: elevated | Motion: normal,12.963334,77.632099,AUDIO,83.8,70.0,,W017,
FLAG085,TRIP_DRV002_03,DRV002,2024-02-06 19:05:54,1230,lane_change,low,0.11,0.55,0.29,Abrupt right lane change (0.34 g). Brief lateral spike then baseline return.,Motion: lane_change_right | Gyro: brief spike,12.953299,77.621275,ACCELEROMETER,0.34,0.3,0.92,W011,"CW20:8,CW14:5,CW2:2"
FLAG088,TRIP_DRV002_04,DRV002,2024-02-06 19:54:08,1820,lane_change,low,0.14,0.29,0.2,Abrupt right lane change (0.43 g). Brief lateral spike then baseline return.,Motion: lane_change_right | Gyro: brief spike,12.946314,77.635247,ACCELEROMETER,0.43,0.3,0.74,W026,"CW11:7,CW4:5,CW22:3"
FLAG089,TRIP_DRV002_04,DRV002,2024-02-06 20:01:08,2240,lane_change,low,0.11,0.52,0.27,Abrupt left lane change (0.32 g). Brief lateral spike then baseline return.,Motion: lane_change_left | Gyro: brief spike,12.938599,77.63866,ACCELEROMETER,-0.32,-0.3,0.74,W031,"CW11:7,CW4:5,CW22:3"
FLAG090,TRIP_DRV002_04,DRV002,2024-02-06 20:08:39,2691,noise_spike,medium,0.34,0.81,0.62,Elevated cabin audio detected (81.5 dB). Sustained noise above baseline.,Audio: elevated | Motion: normal,12.929731,77.643956,AUDIO,81.5,70.0,,W035,
FLAG095,TRIP_DRV003_01,DRV003,2024-02-06 08:23:43,1423,noise_spike,medium,0.4,0.82,0.65,Elevated cabin audio detected (82.1 dB). Sustained noise above baseline.,Audio: elevated | Motion: normal,28.603935,77.19645,AUDIO,82.1,70.0,,W032,
FLAG096,TRIP_DRV003_01,DRV003,2024-02-06 08:24:13,1453,noise_spike,medium,0.5,0.85,0.71,Elevated cabin audio detected (84.9 dB). Sustained noise above baseline.,Audio: elevated | Motion: normal,28.601254,77.200858,AUDIO,84.9,70.0,,W034,
FLAG094,TRIP_DRV003_01,DRV003,2024-02-06 08:28:16,1696,noise_spike,medium,0.27,0.89,0.64,Elevated cabin audio detected (88.7 dB). Sustained noise above baseline.,Audio: elevated | Motion: normal,28.59693,77.180875,AUDIO,88.7,70.0,,W030,
FLAG091,TRIP_DRV003_01,DRV003,2024-02-06 08:35:20,2120,lane_change,low,0.12,0.31,0.2,Abrupt left lane change (0.37 g). Brief lateral spike then baseline return.,Motion: lane_change_left | Gyro: brief spike,28.598817,77.189186,ACCELEROMETER,-0.37,-0.3,0.8,W019,"CW11:7,CW4:5,CW22:3"
FLAG092,TRIP_DRV003_01,DRV003,2024-02-06 08:53:14,3194,harsh_braking,high,0.61,0.54,0.58,Sudden deceleration detected (1.84 g spike). Possible traffic stop or obstacle.,Motion: harsh_brake | Audio: elevated,28.613926,77.188127,ACCELEROMETER,-1.84,-1.5,0.89,W024,"CW15:6,CW3:4,CW9:3"
FLAG093,TRIP_DRV003_01,DRV003,2024-02-06 08:59:26,3566,aggressive_turn,medium,0.48,0.34,0.42,Hard right turn detected (1.44 g lateral). Sharp corner at speed.,Motion: hard_turn_right | Gyro: high yaw,28.598797,77.194523,ACCELEROMETER,1.44,0.8,0.93,W025,"CW2:10,CW7:4,CW19:2"
FLAG097,TRIP_DRV003_02,DRV003,2024-02-06 09:41:23,1949,harsh_braking,high,0.8,0.29,0.6,Sudden deceleration detected (2.39 g spike). Possible traffic stop or obstacle.,Motion: harsh_brake | Audio: elevated,28.591884,77.19662,ACCELEROMETER,-2.39,-1.5,0.73,W029,"CW8:9,CW1:5,CW6:2"
FLAG102,TRIP_DRV003_02,DRV003,2024-02-06 09:42:18,2004,conflict_moment,high,0.48,0.8,0.67,Combined signal: harsh motion + sustained audio (80.0 dB) >60s. Potential conflict.,Motion: harsh_brake | Audio: argument,28.580804,77.184593,AUDIO,80.0,70.0,,W041,
FLAG103,TRIP_DRV003_02,DRV003,2024-02-06 09:42:35,2021,noise_spike,medium,0.33,0.76,0.59,Elevated cabin audio detected (76.3 dB). Sustained noise above baseline.,Audio: elevated | Motion: normal,28.59052,77.204651,AUDIO,76.3,70.0,,W043,
FLAG098,TRIP_DRV003_02,DRV003,2024-02-06 09:48:52,2398,lane_change,low,0.14,0.27,0.19,Abrupt right lane change (0.41 g). Brief lateral spike then baseline return.,Motion: lane_change_right | Gyro: brief spike,28.578558,77.190254,ACCELEROMETER,0.41,0.3,0.8,W034,"CW5:8,CW12:6,CW3:3"
FLAG099,TRIP_DRV003_02,DRV003,2024-02-06 09:52:38,2624,aggressive_turn,medium,0.28,0.27,0.28,Hard right turn detected (0.85 g lateral). Sharp corner at speed.,Motion: hard_turn_right | Gyro: high yaw,28.591736,77.19395,ACCELEROMETER,0.85,0.8,0.73,W036,"CW2:10,CW7:4,CW19:2"
FLAG100,TRIP_DRV003_02,DRV003,2024-02-06 09:53:32,2678,harsh_acceleration,medium,0.71,0.43,0.6,Aggressive acceleration detected (2.14 g). Rapid speed increase from standstill.,Motion: hard_accel | Speed: increasing,28.578162,77.187777,ACCELEROMETER,2.14,1.5,0.89,W037,"CW20:8,CW14:5,CW2:2"
FLAG101,TRIP_DRV003_02,DRV003,2024-02-06 09:54:12,2718,road_bump,low,0.92,0.54,0.77,Road anomaly detected (2.75 g vertical spike). Pothole or speed-breaker.,Motion: vertical_spike | Speed: moderate,28.581797,77.184566,ACCELEROMETER,2.75,1.5,0.75,W039,"CW8:9,CW1:5,CW6:2"
FLAG104,TRIP_DRV003_03,DRV003,2024-02-06 10:45:54,2862,harsh_braking,high,0.64,0.49,0.58,Sudden deceleration detected (1.92 g spike). Possible traffic stop or obstacle.,Motion: harsh_brake | Audio: elevated,28.626218,77.229204,ACCELEROMETER,-1.92,-1.5,0.95,W067,"CW11:7,CW4:5,CW22:3"
FLAG111,TRIP_DRV003_03,DRV003,2024-02-06 10:46:39,2907,conflict_moment,high,0.29,0.94,0.68,Combined signal: harsh motion + sustained audio (93.8 dB) >60s. Potential conflict.,Motion: harsh_brake | Audio: argument,28.615184,77.228131,AUDIO,93.8,70.0,,W089,
FLAG112,TRIP_DRV003_03,DRV003,2024-02-06 11:04:21,3969,noise_spike,medium,0.52,0.77,0.67,Elevated cabin audio detected (77.4 dB). Sustained noise above baseline.,Audio: elevated | Motion: normal,28.624046,77.217783,AUDIO,77.4,70.0,,W091,
FLAG105,TRIP_DRV003_03,DRV003,2024-02-06 11:16:09,4677,aggressive_turn,medium,0.42,0.29,0.37,Hard right turn detected (1.25 g lateral). Sharp corner at speed.,Motion: hard_turn_right | Gyro: high yaw,28.616189,77.208367,ACCELEROMETER,1.25,0.8,0.8,W070,"CW5:8,CW12:6,CW3:3"
FLAG106,TRIP_DRV003_03,DRV003,2024-02-06 11:18:04,4792,harsh_braking,high,0.76,0.41,0.62,Sudden deceleration detected (2.29 g spike). Possible traffic stop or obstacle.,Motion: harsh_brake | Audio: elevated,28.634585,77.224139,ACCELEROMETER,-2.29,-1.5,0.9,W071,"CW2:10,CW7:4,CW19:2"
FLAG107,TRIP_DRV003_03,DRV003,2024-02-06 11:18:56,4844,harsh_acceleration,medium,0.56,0.42,0.5,Aggressive acceleration detected (1.67 g). Rapid speed increase from standstill.,Motion: hard_accel | Speed: increasing,28.62003,77.228277,ACCELEROMETER,1.67,1.5,0.97,W075,"CW5:8,CW12:6,CW3:3"
FLAG108,TRIP_DRV003_03,DRV003,2024-02-06 11:19:49,4897,aggressive_turn,medium,0.36,0.53,0.43,Hard right turn detected (1.08 g lateral). Sharp corner at speed.,Motion: hard_turn_right | Gyro: high yaw,28.619265,77.217697,ACCELEROMETER,1.08,0.8,0.82,W078,"CW20:8,CW14:5,CW2:2"
FLAG109,TRIP_DRV003_03,DRV003,2024-02-06 11:20:20,4928,lane_change,low,0.14,0.28,0.2,Abrupt right lane change (0.41 g). Brief lateral spike then baseline return.,Motion: lane_change_right | Gyro: brief spike,28.620614,77.227061,ACCELEROMETER,0.41,0.3,0.84,W083,"CW11:7,CW4:5,CW22:3"
FLAG110,TRIP_DRV003_03,DRV003,2024-02-06 11:21:08,4976,harsh_braking,high,0.75,0.55,0.67,Sudden deceleration detected (2.24 g spike). Possible traffic stop or obstacle.,Motion: harsh_brake | Audio: elevated,28.619641,77.217407,ACCELEROMETER,-2.24,-1.5,0.78,W085,"CW8:9,CW1:5,CW6:2"
FLAG113,TRIP_DRV003_04,DRV003,2024-02-06 12:06:14,2336,harsh_acceleration,medium,0.68,0.41,0.57,Aggressive acceleration detected (2.05 g). Rapid speed increase from standstill.,Motion: hard_accel | Speed: increasing,28.613158,77.209099,ACCELEROMETER,2.05,1.5,0.9,W041,"CW5:8,CW12:6,CW3:3"
FLAG119,TRIP_DRV003_04,DRV003,2024-02-06 12:06:58,2380,conflict_moment,high,0.55,0.84,0.72,Combined signal: harsh motion + sustained audio (83.7 dB) >60s. Potential conflict.,Motion: harsh_brake | Audio: argument,28.615841,77.198897,AUDIO,83.7,70.0,,W054,
FLAG121,TRIP_DRV003_04,DRV003,2024-02-06 12:22:13,3295,noise_spike,medium,0.34,0.72,0.57,Elevated cabin audio detected (72.3 dB). Sustained noise above baseline.,Audio: elevated | Motion: normal,28.608862,77.203138,AUDIO,72.3,70.0,,W058,
FLAG120,TRIP_DRV003_04,DRV003,2024-02-06 12:23:40,3382,noise_spike,medium,0.35,0.77,0.6,Elevated cabin audio detected (77.2 dB). Sustained noise above baseline.,Audio: elevated | Motion: normal,28.613354,77.21421,AUDIO,77.2,70.0,,W056,
FLAG114,TRIP_DRV003_04,DRV003,2024-02-06 12:33:10,3952,aggressive_turn,medium,0.29,0.49,0.37,Hard right turn detected (0.87 g lateral). Sharp corner at speed.,Motion: hard_turn_right | Gyro: high yaw,28.61239,77.216608,ACCELEROMETER,0.87,0.8,0.74,W044,"CW8:9,CW1:5,CW6:2"
FLAG122,TRIP_DRV003_04,DRV003,2024-02-06 12:39:01,4303,noise_spike,medium,0.31,0.81,0.61,Elevated cabin audio detected (80.7 dB). Sustained noise above baseline.,Audio: elevated | Motion: normal,28.620271,77.210572,AUDIO,80.7,70.0,,W060,
FLAG115,TRIP_DRV003_04,DRV003,2024-02-06 12:42:07,4489,harsh_braking,high,0.78,0.54,0.68,Sudden deceleration detected (2.33 g spike). Possible traffic stop or obstacle.,Motion: harsh_brake | Audio: elevated,28.608256,77.216135,ACCELEROMETER,-2.33,-1.5,0.87,W045,"CW8:9,CW1:5,CW6:2"
FLAG116,TRIP_DRV003_04,DRV003,2024-02-06 12:45:27,4689,harsh_acceleration,medium,0.8,0.31,0.6,Aggressive acceleration detected (2.41 g). Rapid speed increase from standstill.,Motion: hard_accel | Speed: increasing,28.612378,77.211349,ACCELEROMETER,2.41,1.5,0.76,W047,"CW11:7,CW4:5,CW22:3"
FLAG117,TRIP_DRV003_04,DRV003,2024-02-06 12:50:41,5003,aggressive_turn,medium,0.41,0.49,0.44,Hard left turn detected (1.23 g lateral). Sharp corner at speed.,Motion: hard_turn_left | Gyro: high yaw,28.609298,77.208608,ACCELEROMETER,-1.23,-0.8,0.74,W049,"CW15:6,CW3:4,CW9:3"
FLAG118,TRIP_DRV003_04,DRV003,2024-02-06 12:52:07,5089,lane_change,low,0.13,0.34,0.21,Abrupt right lane change (0.38 g). Brief lateral spike then baseline return.,Motion: lane_change_right | Gyro: brief spike,28.609829,77.203817,ACCELEROMETER,0.38,0.3,0.75,W050,"CW8:9,CW1:5,CW6:2"
FLAG123,TRIP_DRV003_05,DRV003,2024-02-06 13:05:35,131,aggressive_turn,medium,0.33,0.27,0.31,Hard left turn detected (0.99 g lateral). Sharp corner at speed.,Motion: hard_turn_left | Gyro: high yaw,28.598556,77.244037,ACCELEROMETER,-0.99,-0.8,0.95,W045,"CW5:8,CW12:6,CW3:3"
FLAG128,TRIP_DRV003_05,DRV003,2024-02-06 13:06:19,175,conflict_moment,high,0.27,0.82,0.6,Combined signal: harsh motion + sustained audio (82.4 dB) >60s. Potential conflict.,Motion: harsh_brake | Audio: argument,28.595692,77.226695,AUDIO,82.4,70.0,,W062,
FLAG124,TRIP_DRV003_05,DRV003,2024-02-06 13:23:04,1180,harsh_braking,high,0.65,0.5,0.59,Sudden deceleration detected (1.94 g spike). Possible traffic stop or obstacle.,Motion: harsh_brake | Audio: elevated,28.590837,77.22619,ACCELEROMETER,-1.94,-1.5,0.73,W046,"CW11:7,CW4:5,CW22:3"
FLAG130,TRIP_DRV003_05,DRV003,2024-02-06 13:53:07,2983,noise_spike,medium,0.4,0.89,0.69,Elevated cabin audio detected (88.7 dB). Sustained noise above baseline.,Audio: elevated | Motion: normal,28.583462,77.232492,AUDIO,88.7,70.0,,W066,
FLAG125,TRIP_DRV003_05,DRV003,2024-02-06 13:53:16,2992,lane_change,low,0.12,0.47,0.26,Abrupt right lane change (0.36 g). Brief lateral spike then baseline return.,Motion: lane_change_right | Gyro: brief spike,28.590789,77.228166,ACCELEROMETER,0.36,0.3,0.82,W051,"CW2:10,CW7:4,CW19:2"
FLAG129,TRIP_DRV003_05,DRV003,2024-02-06 14:01:44,3500,noise_spike,medium,0.29,0.85,0.63,Elevated cabin audio detected (85.0 dB). Sustained noise above baseline.,Audio: elevated | Motion: normal,28.602992,77.225521,AUDIO,85.0,70.0,,W064,
FLAG131,TRIP_DRV003_05,DRV003,2024-02-06 14:02:39,3555,noise_spike,medium,0.44,0.79,0.65,Elevated cabin audio detected (79.4 dB). Sustained noise above baseline.,Audio: elevated | Motion: normal,28.598567,77.230137,AUDIO,79.4,70.0,,W068,
FLAG126,TRIP_DRV003_05,DRV003,2024-02-06 14:02:54,3570,lane_change,low,0.12,0.26,0.18,Abrupt right lane change (0.35 g). Brief lateral spike then baseline return.,Motion: lane_change_right | Gyro: brief spike,28.593219,77.2361,ACCELEROMETER,0.35,0.3,0.89,W054,"CW20:8,CW14:5,CW2:2"
FLAG127,TRIP_DRV003_05,DRV003,2024-02-06 14:07:34,3850,aggressive_turn,medium,0.4,0.32,0.37,Hard left turn detected (1.19 g lateral). Sharp corner at speed.,Motion: hard_turn_left | Gyro: high yaw,28.60204,77.226857,ACCELEROMETER,-1.19,-0.8,0.8,W059,"CW15:6,CW3:4,CW9:3"
FLAG132,TRIP_DRV003_06,DRV003,2024-02-06 14:52:15,1941,aggressive_turn,medium,0.46,0.31,0.4,Hard right turn detected (1.38 g lateral). Sharp corner at speed.,Motion: hard_turn_right | Gyro: high yaw,28.581868,77.242727,ACCELEROMETER,1.38,0.8,0.73,W031,"CW20:8,CW14:5,CW2:2"
FLAG133,TRIP_DRV003_06,DRV003,2024-02-06 14:54:58,2104,harsh_braking,high,0.73,0.48,0.63,Sudden deceleration detected (2.18 g spike). Possible traffic stop or obstacle.,Motion: harsh_brake | Audio: elevated,28.584104,77.237048,ACCELEROMETER,-2.18,-1.5,0.9,W032,"CW11:7,CW4:5,CW22:3"
FLAG134,TRIP_DRV003_06,DRV003,2024-02-06 15:00:46,2452,noise_spike,medium,0.46,0.82,0.68,Elevated cabin audio detected (82.1 dB). Sustained noise above baseline.,Audio: elevated | Motion: normal,28.582532,77.223923,AUDIO,82.1,70.0,,W036,
FLAG135,TRIP_DRV003_07,DRV003,2024-02-06 15:48:05,557,lane_change,low,0.14,0.22,0.17,Abrupt left lane change (0.43 g). Brief lateral spike then baseline return.,Motion: lane_change_left | Gyro: brief spike,28.611108,77.179614,ACCELEROMETER,-0.43,-0.3,0.96,W074,"CW15:6,CW3:4,CW9:3"
FLAG139,TRIP_DRV003_07,DRV003,2024-02-06 15:49:02,614,conflict_moment,high,0.31,0.81,0.61,Combined signal: harsh motion + sustained audio (80.6 dB) >60s. Potential conflict.,Motion: harsh_brake | Audio: argument,28.59397,77.181182,AUDIO,80.6,70.0,,W083,
FLAG140,TRIP_DRV003_07,DRV003,2024-02-06 16:10:43,1915,noise_spike,medium,0.34,0.91,0.68,Elevated cabin audio detected (91.3 dB). Sustained noise above baseline.,Audio: elevated | Motion: normal,28.612769,77.177085,AUDIO,91.3,70.0,,W085,
FLAG136,TRIP_DRV003_07,DRV003,2024-02-06 16:29:56,3068,road_bump,low,0.76,0.29,0.57,Road anomaly detected (2.28 g vertical spike). Pothole or speed-breaker.,Motion: vertical_spike | Speed: moderate,28.596495,77.188947,ACCELEROMETER,2.28,1.5,0.83,W075,"CW5:8,CW12:6,CW3:3"
FLAG137,TRIP_DRV003_07,DRV003,2024-02-06 16:35:59,3431,lane_change,low,0.17,0.38,0.25,Abrupt left lane change (0.5 g). Brief lateral spike then baseline return.,Motion: lane_change_left | Gyro: brief spike,28.593117,77.182332,ACCELEROMETER,-0.5,-0.3,0.85,W077,"CW20:8,CW14:5,CW2:2"
FLAG138,TRIP_DRV003_07,DRV003,2024-02-06 16:37:14,3506,harsh_acceleration,medium,0.59,0.23,0.45,Aggressive acceleration detected (1.77 g). Rapid speed increase from standstill.,Motion: hard_accel | Speed: increasing,28.601168,77.196804,ACCELEROMETER,1.77,1.5,0.92,W079,"CW5:8,CW12:6,CW3:3"
